24850,IRCC,discord://discord.com/channels/919656909563371600/1409259489580023898
18100,IRFD_TWR,discord://discord.com/channels/919656909563371600/1409259574162358292
20400,IRFD_GND,discord://discord.com/channels/919656909563371600/1537907464291487907
33850,IMLR_TWR,discord://discord.com/channels/919656909563371600/1409259671096791110
25600,IGAR_TWR,discord://discord.com/channels/919656909563371600/1409259714193129655
20250,IBLT_TWR,discord://discord.com/channels/919656909563371600/1409260318441603112
19150,ITRC_TWR,discord://discord.com/channels/919656909563371600/1409260436020527266
26300,ICCC,discord://discord.com/channels/919656909563371600/1409260679193694320
21200,ILAR_TWR,discord://discord.com/channels/919656909563371600/1409260714610135243
19400,ILAR_GND,discord://discord.com/channels/919656909563371600/1409260740787048520
19900,IPAP_TWR,discord://discord.com/channels/919656909563371600/1409260770113355776
27250,IIAB_TWR,discord://discord.com/channels/919656909563371600/1409260797871526039
30250,IHEN_TWR,discord://discord.com/channels/919656909563371600/1409260822940881098
18750,IBAR_TWR,discord://discord.com/channels/919656909563371600/1409260849344024697
25650,IZCC,discord://discord.com/channels/919656909563371600/1409260891442118877
32300,IOCC,discord://discord.com/channels/919656909563371600/1537908168716324994
35250,IPCC,discord://discord.com/channels/919656909563371600/1409261040360755331
28600,IBCC,discord://discord.com/channels/919656909563371600/1409260864716144660
26750,IGCC,discord://discord.com/channels/919656909563371600/1409260603884961913
27825,ISCC,discord://discord.com/channels/919656909563371600/1409260557097238538
